{
  "observable_name_tex": "$\\frac{1}{\\sigma} \\frac{d\\sigma}{d(\\Delta \\eta)}$",
  "x_axis_title": "$\\Delta\\eta(\\ell, \\bar{\\ell}) / \\pi$",
  "y_lims": [-0.0005, 0.55],
  "ratio_y_lims": [0.85, 1.15],
  "legend_pos": "upper right",
  "ratio_legend_pos": "upper center",
  "experiment": "CMS",
  "fit_limits": [-10, 10],
  "data_values": [0.03516, 0.135, 0.245, 0.352, 0.43, 0.428, 0.349, 0.24, 0.132, 0.0341],
  "total_uncertainties": [0.00095, 0.00224, 0.00361, 0.0052, 0.00655, 0.00651, 0.00525, 0.00363, 0.00199, 0.00095],
  "NNLO_values": [0.03389, 0.1269, 0.2284, 0.3237, 0.3974, 0.3993, 0.3261, 0.2294, 0.1288, 0.03514],
  "NNLO_toponium_values": [0.03392, 0.1272, 0.2294, 0.3259, 0.4004, 0.4022, 0.3277, 0.2301, 0.129, 0.03516],
  "Total_uncertainty_upper": [0.000963, 0.002266, 0.003656, 0.005272, 0.006635, 0.006598, 0.005313, 0.003673, 0.00201, 0.000958],
  "Total_uncertainty_lower": [0.001239, 0.002887, 0.004647, 0.006716, 0.008454, 0.008406, 0.006847, 0.004738, 0.002592, 0.001239],
  "bin_edges": [-2.4, -1.7, -1.2, -0.8, -0.4, 0.0, 0.4, 0.8, 1.2, 1.7, 2.4],
  "bin_centers": [-2.05, -1.45, -1.0, -0.6, -0.2, 0.2, 0.6, 1.0, 1.45, 2.05]
}