{
  "observable_name_tex": "$\\frac{1}{\\sigma} \\frac{d\\sigma}{d(\\Delta \\phi / \\pi)}$",
  "x_axis_title": "$\\Delta\\phi(\\ell, \\bar{\\ell}) / \\pi$",
  "y_lims": [0.65, 1.5],
  "ratio_y_lims": [0.94, 1.06],
  "legend_pos": "lower right",
  "ratio_legend_pos": "upper right",
  "experiment": "ATLAS",
  "fit_limits": [-30, 30],
  "bin_edges": [0.0, 0.1, 0.2, 0.3, 0.4, 0.5, 0.6, 0.7, 0.8, 0.9, 1.0],
  "bin_centers": [0.05, 0.15, 0.25, 0.35, 0.45, 0.55, 0.65, 0.75, 0.85, 0.95],
  "data_values": [0.74643668, 0.75566767, 0.77731274, 0.84383951, 0.91163951, 1.00967896, 1.11567615, 1.24395504, 1.32544237, 1.40215505],
  "total_uncertainties": [0.01400563, 0.0127324, 0.01145916, 0.01082254, 0.00986761, 0.00923099, 0.0095493, 0.01209578, 0.01655211, 0.0226],
  "NNLO_values": [0.7173, 0.72638, 0.76855, 0.82629, 0.90767, 1.0012, 1.1072, 1.2269, 1.3302, 1.3883],
  "NNLO_toponium_values": [0.7239529, 0.73192734, 0.77253632, 0.82875899, 0.90853104, 1.0007106, 1.10520543, 1.22382215, 1.32617026, 1.38377862] ,
  "Total_uncertainty_upper": [0.01423982, 0.01283974, 0.01188587, 0.01083501, 0.00991608, 0.00924315, 0.00957847, 0.01210981, 0.01691139, 0.02344961] ,
  "Total_uncertainty_lower": [0.01742348, 0.01541006, 0.01491519, 0.01264676, 0.011139, 0.00923697, 0.01084605, 0.0132637, 0.01996399, 0.02943207]
}