{
  "observable_name_tex": "$\\frac{1}{\\sigma} \\frac{d\\sigma}{d(\\Delta \\phi / \\pi)}$",
  "x_axis_title": "$\\Delta\\phi(\\ell, \\bar{\\ell}) / \\pi$",
  "y_lims": [0.17, 0.45],
  "ratio_y_lims": [0.95, 1.05],
  "legend_pos": "lower right",
  "ratio_legend_pos": "upper center",
  "experiment": "CMS",
  "fit_limits": [-30, 30],
  "bin_edges": [0.0, 0.4, 0.78, 1.14, 1.48, 1.8, 2.1, 2.38, 2.64, 2.89, 3.142],
  "bin_centers": [0.063662, 0.1878, 0.30558, 0.41699, 0.52203, 0.6207, 0.71301, 0.79896, 0.88013, 0.95996],
  "data_values": [0.60946897, 0.77597339, 0.87336276, 0.9393362, 1.02415921, 1.10584061, 1.17495565, 1.23464591, 1.31946891, 1.31318573],
  "total_uncertainties": [0.00316228, 0.00360555, 0.00360555, 0.00360555, 0.00282843, 0.00360555, 0.00360555, 0.00282843, 0.00282843, 0.005],
  "NNLO_values": [0.61000907, 0.78071866, 0.86631219, 0.93481247, 1.02215671, 1.09485868, 1.17873334, 1.24834771, 1.31057729, 1.32518772],
  "NNLO_toponium_values": [0.61055019, 0.78132345, 0.86672599, 0.93497163, 1.02212488, 1.09460404, 1.17835137, 1.24777475, 1.30990884, 1.32448744],
  "Total_uncertainty_upper": [0.0034012, 0.00397292, 0.0040674, 0.00418048, 0.00379975, 0.0036901, 0.00408838, 0.00422128, 0.00335223, 0.00590791],
  "Total_uncertainty_lower": [0.0051365, 0.00364815, 0.00557462, 0.00790518, 0.00437825, 0.00966597, 0.00375512, 0.00284828, 0.01302356, 0.01247832]
}