{
  "observable_name_tex": "$\\frac{1}{\\sigma} \\frac{d\\sigma}{d(\\Delta \\phi / \\pi)}$",
  "x_axis_title": "$\\Delta\\phi(\\ell, \\bar{\\ell}) / \\pi$",
  "y_lims": [0.8, 1.3],
  "ratio_y_lims": [0.94, 1.06],
  "legend_pos": "lower right",
  "ratio_legend_pos": "upper right",
  "experiment": "ATLAS",
  "fit_limits": [-30, 30],
  "bin_edges": [0.0, 0.127324, 0.24828, 0.362862, 0.471075, 0.572958, 0.668456, 0.758427, 0.843803, 0.925225, 1.0],
  "bin_centers": [0.063662, 0.187802, 0.305571, 0.416968, 0.522016, 0.620707, 0.713441, 0.801115, 0.884514, 0.962612],
  "data_values": [0.863, 0.874, 0.879, 0.917, 0.962, 1.001, 1.043, 1.111, 1.156, 1.194],
  "total_uncertainties": [0.01140175, 0.01204159, 0.02061553, 0.01131371, 0.01131371, 0.02061553, 0.01442221, 0.01526434, 0.01204159, 0.01526434],
  "NNLO_values": [0.84023, 0.85355, 0.87544, 0.90551, 0.94828, 0.99428, 1.0576, 1.1196, 1.1813, 1.2242],
  "NNLO_toponium_values": [0.84178, 0.8548, 0.87637, 0.90604, 0.94837, 0.99401, 1.057, 1.1187, 1.1801, 1.2229],
  "Total_uncertainty_upper": [0.01140297, 0.01204271, 0.0209292, 0.01139116, 0.01134274, 0.02064267, 0.0162947, 0.01571113, 0.01204628, 0.01540523],
  "Total_uncertainty_lower": [0.0117751, 0.01256052, 0.02149976, 0.01185545, 0.0113205, 0.02063968, 0.01686576, 0.01531754, 0.01249144, 0.0166565]
}