{
  "observable_name_tex": "$\\frac{1}{\\sigma} \\frac{d\\sigma}{d(\\Delta y (tt)}$",
  "x_axis_title": "$\\Delta y (tt)$",
  "y_lims": [-0.0005, 0.5],
  "ratio_y_lims": [0.85, 1.15],
  "legend_pos": "upper right",
  "ratio_legend_pos": "upper center",
  "experiment": "CMS" ,
  "fit_limits": [-10, 10],
  "data_values": [0.0524, 0.193, 0.321, 0.436, 0.443, 0.325, 0.199, 0.05489],
  "total_uncertainties": [0.00291563, 0.00921954, 0.00761577, 0.01456022, 0.01264911, 0.01334166, 0.00632456, 0.00434388],
  "NNLO_values": [0.05423799, 0.19680832, 0.31925684, 0.43058224, 0.43732769, 0.32375249, 0.20038666, 0.05637357],
  "NNLO_toponium_values": [0.05391279, 0.19562827, 0.31743006, 0.4353909, 0.44208425, 0.32190035, 0.19918516, 0.05603556],
  "Total_uncertainty_upper": [0.00310708, 0.00922329, 0.00822028, 0.014782, 0.01274093, 0.01334334, 0.00655849, 0.00446873],
  "Total_uncertainty_lower": [0.0030809, 0.00923692, 0.00783473, 0.014776, 0.01272488, 0.0134311, 0.0063548, 0.00451263],
  "bin_edges": [-2.6, -1.4, -0.9, -0.4, 0.0, 0.4, 0.9, 1.4, 2.6],
  "bin_centers": [-2.0, -1.15, -0.65, -0.2, 0.2, 0.65, 1.15, 2.0]
}