{
  "observable_name_tex": "$\\frac{1}{\\sigma} \\frac{d\\sigma}{d(\\mathrm{m}_{\\ell \\bar{\\ell}})}$",
  "x_axis_title": "$\\mathrm{m}_{\\ell \\bar{\\ell}}$",
  "y_lims": [-0.0005, 0.008],
  "ratio_y_lims": [0.9, 1.1],
  "legend_pos": "upper right",
  "ratio_legend_pos": "upper center",
  "experiment": "ATLAS",
  "fit_limits": [-10, 10],
  "bin_edges": [0.0, 20.0, 40.0, 60.0, 80.0, 100.0, 120.0, 150.0, 200.0, 250.0, 300.0, 400.0, 500.0],
  "bin_centers": [10.0, 30.0, 50.0, 70.0, 90.0, 110.0, 135.0, 175.0, 225.0, 275.0, 350.0, 450.0],
  "data_values": [0.001364, 0.003751, 0.006017, 0.007315, 0.007108, 0.005898, 0.00427, 0.002466, 0.001169, 0.000564, 0.0002154, 0.0001132],
  "total_uncertainties": [3.4e-05, 5.3e-05, 6.9e-05, 6.6e-05, 6e-05, 4.9e-05, 3.4e-05, 2.4e-05, 1.9e-05, 1.4e-05, 7.3e-06, 5.5e-06],
  "NNLO_values": [0.001266411, 0.003636395, 0.00598011, 0.007309253, 0.007044651, 0.005857546, 0.004324875, 0.002498017, 0.001197298, 0.0005886716, 0.0002311561, 0.0001105147],
  "NNLO_toponium_values": [0.001276943, 0.003660686, 0.006002626, 0.007317879, 0.007040096, 0.005846648, 0.004313935, 0.002491167, 0.001194006, 0.0005870528, 0.0002305204, 0.0001102108],
  "Total_uncertainty_upper": [3.5959058e-05, 5.31532986e-05, 6.90781055e-05, 6.7595346e-05, 6.14707244e-05, 5.02565839e-05, 3.50597779e-05, 2.42350302e-05, 1.90205535e-05, 1.44876506e-05, 7.82560823e-06, 6.33778042e-06],
  "Total_uncertainty_lower": [3.51717786e-05, 5.41225753e-05, 7.29684706e-05, 6.6131036e-05, 6.27036665e-05, 5.48338449e-05, 3.47020608e-05, 2.47105178e-05, 1.90374798e-05, 1.42623154e-05, 7.6215387e-06, 6.13618388e-06]
}