{
  "observable_name_tex": "$\\frac{1}{\\sigma} \\frac{ \\mathrm{d} \\sigma}{ \\mathrm{d} (m_{\\ell \\ell})}$",
  "x_axis_title": "$\\mathrm{m}_{\\ell \\ell}$",
  "y_lims": [-0.001, 0.0085],
  "ratio_y_lims": [0.85, 1.15],
  "legend_pos": "upper center",
  "fine_legend_pos": [0.7, 1.00],
  "ratio_legend_pos": "upper center",
  "experiment": "CMS",
  "fit_limits": [-10, 10],
  "bin_edges": [20.0, 30.0, 50.0, 76.0, 106.0, 130.0, 170.0, 260.0, 650.0],
  "bin_centers": [25.0, 40.0, 63.0, 91.0, 118.0, 150.0, 215.0, 455.0],
  "data_values": [0.00344, 0.005338, 0.007656, 0.007475, 0.005446, 0.003481, 0.001342, 0.0001149],
  "total_uncertainties": [0.000146164291, 0.000106254412, 0.000147959454, 0.000128444541, 5.22015325e-05, 4.51884941e-05, 2.11896201e-05, 2.32594067e-06],
  "NNLO_values": [0.0034954, 0.0051887, 0.0074678, 0.0072621, 0.0054905, 0.003531, 0.001412, 0.00012411],
  "NNLO_toponium_values": [0.0035414, 0.00523964, 0.00750167, 0.00726105, 0.00547517, 0.00351788, 0.0014065, 0.00012363],
  "Total_uncertainty_upper": [0.000146166539, 0.000106268917, 0.000148419755, 0.000128598417, 5.2730459e-05, 4.61910486e-05, 2.11905879e-05, 2.32675903e-06],
  "Total_uncertainty_lower": [0.000161411634, 0.000107401653, 0.000148082621, 0.000128818843, 5.50205364e-05, 4.75482605e-05, 2.2250031e-05, 2.628918e-06]
}